<!DOCTYPE struts PUBLIC "-//Apache Software Foundation//DTD Struts Configuration 2.0//EN"
    "http://struts.apache.org/dtds/struts-2.0.dtd">

<struts>
    <!-- Constants -->
    <constant name="struts.devMode" value="false"/>
    <constant name="struts.i18n.encoding" value="UTF-8"/>
    <constant name="struts.action.extension" value="action"/>
    <constant name="struts.objectFactory" value="spring"/>
    <constant name="struts.custom.i18n.resources" value="messages"/>
    <constant name="struts.multipart.maxSize" value="2097152"/>
    <constant name="struts.codebehind.pathPrefix" value="/"/>
    <constant name="struts.configuration.xml.reload" value="true"/>

    <!-- Include Struts defaults -->
    <include file="struts-default.xml"/>

    <!-- Configuration for the default package. -->
    <package name="default" extends="struts-default">
        <interceptors>
            <interceptor-stack name="defaultStack">
                <interceptor-ref name="exception"/>
                <interceptor-ref name="alias"/>
                <interceptor-ref name="servletConfig"/>
                <interceptor-ref name="prepare"/>
                <interceptor-ref name="i18n"/>
                <interceptor-ref name="chain"/>
                <interceptor-ref name="modelDriven"/>
                <interceptor-ref name="fileUpload"/>
                <interceptor-ref name="staticParams"/>
                <interceptor-ref name="params"/>
                <interceptor-ref name="conversionError"/>
                <interceptor-ref name="validation">
                    <param name="excludeMethods">cancel,execute,delete,edit,list</param>
                </interceptor-ref>
                <interceptor-ref name="workflow">
                    <param name="excludeMethods">input,back,cancel</param>
                </interceptor-ref>
            </interceptor-stack>
        </interceptors>

        <global-results>
            <result name="dataAccessFailure">dataAccessFailure.jsp</result>
        </global-results>

        <global-exception-mappings>
            <exception-mapping exception="org.springframework.dao.DataAccessException"
                result="dataAccessFailure"/>
        </global-exception-mappings>

        <!-- List of Users -->
        <action name="users" class="com.mycompany.webapp.action.UserAction" method="list">
            <result name="success">userList.jsp</result>
            <result name="input">userList.jsp</result>
        </action>

        <!-- Edit User -->
        <action name="editUser" class="com.mycompany.webapp.action.UserAction" method="edit">
            <result name="success">userForm.jsp</result>
            <result name="input">userList.jsp</result>
        </action>

        <!-- Save User -->
        <action name="saveUser" class="com.mycompany.webapp.action.UserAction">
            <result name="cancel" type="redirectAction">users</result>
            <result name="delete" type="redirectAction">users</result>
            <result name="input">userForm.jsp</result>
            <result name="success" type="chain">saveUserWithValidation</result>
        </action>

        <action name="saveUserWithValidation" class="com.mycompany.webapp.action.UserAction" method="save">
            <result name="input">userForm.jsp</result>
            <result name="success" type="redirectAction">users</result>
        </action>
    </package>
</struts>
